ranks,cca2,country,Continent,pop2022,pop2021,pop2020,pop2050,pop2030,pop2015,pop2010,pop2000,pop1990,pop1980,pop1970,area,landAreaKm,density,Growth_rate,WorldPercentage
36,AF,Afghanistan,Asia,41128.771,40099.462,38972.23,74075.234,50330.837,33753.499,28189.672,19542.982,10694.796,12486.631,10752.971,652230,652230,63.0587,2.57%,0.52%
138,AL,Albania,Europe,2842.321,2854.71,2866.849,2456.472,2789.599,2882.481,2913.399,3182.021,3295.066,2941.651,2324.731,28748,27400,103.7343,-0.43%,0.04%
34,DZ,Algeria,Africa,44903.225,44177.969,43451.666,60001.113,49787.283,39543.154,35856.344,30774.621,25518.074,18739.378,13795.915,2381741,2381741,18.8531,1.64%,0.56%
213,AS,American Samoa,Oceania,44.273,45.035,46.189,33.557,41.142,51.368,54.849,58.23,47.818,32.886,27.075,199,200,221.365,-1.69%,0.00%
203,AD,Andorra,Europe,79.824,79.034,77.7,80.504,81.528,71.746,71.519,66.097,53.569,35.611,19.86,468,470,169.8383,1.00%,0.00%
42,AO,Angola,Africa,35588.987,34503.774,33428.486,72328.068,44911.664,28127.721,23364.185,16394.062,11828.638,8330.047,6029.7,1246700,1246700,28.5466,3.15%,0.45%
224,AI,Anguilla,North America,15.857,15.753,15.585,15.294,16.055,14.525,13.172,11.047,8.316,6.56,6.283,91,91,174.2527,0.66%,0.00%
201,AG,Antigua and Barbuda,North America,93.763,93.219,92.664,99.03,97.51,89.941,85.695,75.055,63.328,64.889,64.517,442,440,213.0977,0.58%,0.00%
33,AR,Argentina,South America,45510.318,45276.78,45036.032,51621.175,47678.56,43257.065,41100.123,37070.774,32637.657,28024.803,23842.803,2780400,2736690,16.6297,0.52%,0.57%
140,AM,Armenia,Asia,2780.469,2790.974,2805.608,2573.465,2759.528,2878.595,2946.293,3168.523,3556.539,3135.123,2534.377,29743,28470,97.6631,-0.38%,0.03%
198,AW,Aruba,North America,106.445,106.537,106.585,94.185,104.924,104.257,100.341,89.101,65.712,62.267,59.106,180,180,591.3611,-0.09%,0.00%
55,AU,Australia,Oceania,26177.413,25921.089,25670.051,32192.919,28202.414,23820.236,22019.168,19017.963,17048.003,14706.322,12595.034,7692024,7692020,3.4032,0.99%,0.33%
99,AT,Austria,Europe,8939.617,8922.082,8907.777,8924.19,9054.576,8642.421,8362.829,8010.428,7678.729,7547.561,7465.301,83871,82520,108.3327,0.20%,0.11%
91,AZ,Azerbaijan,Asia,10358.074,10312.992,10284.951,10867.296,10711.138,9863.48,9237.202,8190.337,7427.836,6383.06,5425.317,86600,82646,125.3306,0.44%,0.13%
176,BS,Bahamas,North America,409.984,407.906,406.471,450.625,429.846,392.697,373.272,325.014,270.679,223.752,179.129,13943,10010,40.9574,0.51%,0.01%
154,BH,Bahrain,Asia,1472.233,1463.265,1477.469,1809.237,1574.679,1362.142,1213.645,711.442,517.418,362.595,222.555,765,785,1875.4561,0.61%,0.02%
8,BD,Bangladesh,Asia,171186.372,169356.251,167420.951,203904.9,184424.144,157830,148391.139,129193.327,107147.651,83929.765,67541.86,147570,130170,1315.0985,1.08%,2.15%
186,BB,Barbados,North America,281.635,281.2,280.693,267.788,283.082,278.083,274.711,264.657,258.868,253.575,241.397,430,430,654.9651,0.15%,0.00%
96,BY,Belarus,Europe,9534.954,9578.167,9633.74,8409.632,9206.17,9700.609,9731.427,10256.483,10428.525,9817.257,9170.786,207600,202980,46.9748,-0.45%,0.12%
81,BE,Belgium,Europe,11655.93,11611.419,11561.717,12090.657,11873.46,11248.303,10877.947,10264.343,9959.56,9828.986,9629.376,30528,30280,384.9382,0.38%,0.15%
177,BZ,Belize,North America,405.272,400.031,394.921,538.838,450.428,359.871,322.106,240.406,182.589,145.133,120.905,22966,22810,17.7673,1.31%,0.01%
77,BJ,Benin,Africa,13352.864,12996.895,12643.123,25264.035,16393.827,10932.783,9445.71,6998.023,5133.419,3833.939,3023.443,112622,112760,118.4184,2.74%,0.17%
206,BM,Bermuda,North America,64.184,64.185,64.031,56.041,62.806,63.144,63.447,61.371,57.47,53.565,52.019,54,54,1188.5926,0.00%,0.00%
165,BT,Bhutan,Asia,782.455,777.486,772.506,874.294,821.498,743.274,705.516,587.207,558.442,415.257,298.894,38394,38140,20.5153,0.64%,0.01%
80,BO,Bolivia,South America,12224.11,12079.472,11936.162,16609.854,13625.507,11090.085,10223.27,8592.656,7096.194,5736.088,4585.693,1098581,1083300,11.2841,1.20%,0.15%
137,BA,Bosnia and Herzegovina,Europe,3233.526,3270.943,3318.407,2739.014,3111.789,3524.324,3811.088,4179.35,4494.31,4199.82,3815.561,51209,51200,63.1548,-1.14%,0.04%
144,BW,Botswana,Africa,2630.296,2588.423,2546.402,3679.34,2972.271,2305.171,2091.664,1726.985,1341.474,938.578,592.244,582000,566730,4.6412,1.62%,0.03%
7,BR,Brazil,South America,215313.498,214326.223,213196.304,230885.725,223908.968,205188.205,196353.492,175873.72,150706.446,122288.383,96369.875,8515767,8358140,25.7609,0.46%,2.70%
221,VG,British Virgin Islands,North America,31.305,31.122,30.91,34.768,32.995,29.366,27.556,20.104,15.617,11.109,9.581,151,150,208.7,0.59%,0.00%
175,BN,Brunei,Asia,449.002,445.373,441.725,498.373,473.312,421.437,396.053,333.926,261.928,187.921,133.343,5765,5270,85.1996,0.81%,0.01%
108,BG,Bulgaria,Europe,6781.953,6885.868,6979.175,5187.392,6290.166,7309.253,7592.273,8097.691,8767.778,8980.606,8582.95,110879,108560,62.4719,-1.51%,0.09%
58,BF,Burkina Faso,Africa,22673.762,22100.683,21522.626,40541.548,27523.563,18718.019,16116.845,11882.888,9131.361,6932.967,5611.666,272967,273600,82.8719,2.59%,0.28%
78,BI,Burundi,Africa,12889.576,12551.213,12220.227,24208.671,15800.53,10727.148,9126.605,6307.659,5483.793,4312.834,3497.834,27834,25680,501.9305,2.70%,0.16%
73,KH,Cambodia,Asia,16767.842,16589.023,16396.86,20258.435,18084.248,15417.523,14363.532,12118.841,8910.808,6198.959,6708.525,181035,176520,94.9912,1.08%,0.21%
53,CM,Cameroon,Africa,27914.536,27198.628,26491.087,51279.56,34051.103,23012.646,19878.036,15091.594,11430.52,8519.891,6452.787,475442,472710,59.0521,2.63%,0.35%
39,CA,Canada,North America,38454.327,38155.012,37888.705,45890.819,41008.596,35732.126,33963.412,30683.313,27657.204,24511.51,21434.577,9984670,8965590,4.2891,0.78%,0.48%
171,CV,Cape Verde,Africa,593.149,587.925,582.64,727.457,638.84,552.166,521.212,458.251,364.563,317.234,287.262,4033,4033,147.0739,0.89%,0.01%
205,KY,Cayman Islands,North America,68.706,68.136,67.311,77.633,72.865,60.911,54.074,39.658,26.027,17.1,10.533,264,240,286.275,0.84%,0.00%
117,CF,Central African Republic,Africa,5579.144,5457.154,5343.02,11533.423,7104.274,4819.333,4660.067,3759.17,2809.221,2415.276,2067.356,622984,622980,8.9556,2.24%,0.07%
69,TD,Chad,Africa,17723.315,17179.74,16644.701,36452.035,22460.393,14140.274,11894.727,8259.137,5827.069,4408.23,3667.394,1284000,1259200,14.0751,3.16%,0.22%
65,CL,Chile,South America,19603.733,19493.184,19300.315,20675.378,19933.769,17870.124,17004.162,15351.799,13342.868,11469.828,9820.481,756102,743532,26.3657,0.57%,0.25%
1,CN,China,Asia,1425887.337,1425893.465,1424929.781,1312636.325,1415605.906,1393715.448,1348191.368,1264099.069,1153704.252,982372.466,822534.45,9706961,9424702.9,151.2926,0.00%,17.88%
28,CO,Colombia,South America,51874.024,51516.562,50930.662,56987.651,54129.764,47119.728,44816.108,39215.135,32601.393,26176.195,20905.254,1141748,1109500,46.7544,0.69%,0.65%
163,KM,Comoros,Africa,836.774,821.625,806.166,1246.207,959.412,730.216,656.024,536.758,431.119,328.328,242.351,1862,1861,449.6368,1.84%,0.01%
223,CK,Cook Islands,Oceania,17.011,17.003,17.029,17.674,17.253,17.695,17.212,15.897,17.123,17.651,20.47,236,240,70.8792,0.05%,0.00%
124,CR,Costa Rica,North America,5180.829,5153.957,5123.105,5702.525,5432.243,4895.242,4622.252,3979.193,3158.253,2414.303,1855.697,51100,51060,101.4655,0.52%,0.06%
130,HR,Croatia,Europe,4030.358,4060.135,4096.869,3333.425,3850.14,4254.815,4368.682,4548.434,4873.707,4680.144,4492.638,56594,55960,72.0221,-0.73%,0.05%
85,CU,Cuba,North America,11212.191,11256.372,11300.698,10028.085,11016.041,11339.894,11290.417,11105.791,10626.68,9809.107,8869.636,109884,103800,108.0173,-0.39%,0.14%
189,CW,Curacao,North America,191.163,190.338,189.288,204.084,197.829,169.572,159.38,141.424,155.446,156.851,150.385,444,444,430.5473,0.43%,0.00%
158,CY,Cyprus,Europe,1251.488,1244.188,1237.537,1391.785,1311.784,1187.28,1129.686,948.237,788.5,679.327,640.804,9251,9240,135.4424,0.59%,0.02%
88,CZ,Czech Republic,Europe,10493.986,10510.751,10530.953,10577.126,10515.199,10523.798,10464.749,10234.71,10301.192,10270.06,9795.744,78865,77198.5,135.9351,-0.16%,0.13%
115,DK,Denmark,Europe,5882.261,5854.24,5825.641,6445.109,6104.474,5677.796,5550.849,5340.655,5144.623,5125.392,4922.963,43094,40000,147.0565,0.48%,0.07%
160,DJ,Djibouti,Africa,1120.849,1105.557,1090.156,1502.575,1247.129,1006.259,919.199,742.033,577.173,324.121,144.379,23200,23180,48.3541,1.38%,0.01%
204,DM,Dominica,North America,72.737,72.412,71.995,74.167,74.988,70.007,68.755,68.346,69.481,72.978,68.895,751,750,96.9827,0.45%,0.00%
84,DO,Dominican Republic,North America,11228.821,11117.873,10999.664,13180.541,11982.523,10405.832,9775.755,8540.791,7129.004,5755.8,4475.871,48671,48310,232.4326,1.00%,0.14%
15,CD,DR Congo,Africa,99010.212,95894.118,92853.164,217494.003,127582.053,78656.904,66391.257,48616.317,35987.541,26708.686,20151.733,2344858,2267050,43.6736,3.25%,1.24%
67,EC,Ecuador,South America,18001,17797.737,17588.595,22269.779,19486.952,16195.902,14989.585,12626.507,10449.837,8135.845,6172.215,276841,248360,72.4795,1.14%,0.23%
14,EG,Egypt,Africa,110990.103,109262.178,107465.134,160339.889,125151.725,97723.799,87252.413,71371.371,57214.63,43748.556,34781.986,1002450,995450,111.4974,1.58%,1.39%
112,SV,El Salvador,North America,6336.392,6314.167,6292.731,6636.854,6554.224,6231.066,6114.034,5958.482,5367.179,4508.992,3619.09,21041,20720,305.8104,0.35%,0.08%
152,GQ,Equatorial Guinea,Africa,1674.908,1634.466,1596.049,2790.533,1999.678,1346.973,1094.524,684.977,465.549,282.509,316.955,28051,28050,59.7115,2.47%,0.02%
132,ER,Eritrea,Africa,3684.032,3620.312,3555.868,5964.021,4283.355,3340.006,3147.727,2392.88,2149.96,1657.982,1272.748,117600,121040.8,30.4363,1.76%,0.05%
156,EE,Estonia,Europe,1326.062,1328.701,1329.444,1171.695,1289.441,1314.657,1331.535,1396.877,1570.674,1476.983,1361.999,45227,42750,31.019,-0.20%,0.02%
159,SZ,Eswatini,Africa,1201.67,1192.271,1180.655,1655.121,1305.985,1133.936,1099.92,1030.496,854.011,598.564,442.865,17364,17200,69.8645,0.79%,0.02%
12,ET,Ethiopia,Africa,123379.924,120283.026,117190.911,214812.309,149296.378,102471.895,89237.791,67031.867,47878.073,34945.469,28308.246,1104300,1128571.3,109.324,2.57%,1.55%
231,FK,Falkland Islands,South America,3.78,3.764,3.747,3.779,3.869,3.408,3.187,3.08,2.332,2.24,2.274,12173,12173,0.3105,0.43%,0.00%
209,FO,Faroe Islands,Europe,53.09,52.889,52.415,59.444,54.583,48.816,48.41,45.66,47.479,43.054,38.416,1393,1366,38.8653,0.38%,0.00%
162,FJ,Fiji,Oceania,929.766,924.61,920.422,1094.174,986.172,917.2,905.169,832.509,780.43,644.582,527.634,18272,18270,50.8903,0.56%,0.01%
118,FI,Finland,Europe,5540.745,5535.992,5529.468,5460.917,5565.475,5479.461,5363.271,5176.209,4986.545,4779.418,4606.621,338424,303940,18.2297,0.09%,0.07%
23,FR,France,Europe,64626.628,64531.444,64480.053,65827.072,65543.452,63809.769,62444.567,58665.453,56412.897,53713.83,50523.586,551695,547557,118.0272,0.15%,0.81%
184,GF,French Guiana,South America,304.557,297.449,290.969,532.459,366.669,257.026,228.453,164.351,113.931,66.825,46.484,83534,83534,3.6459,2.39%,0.00%
183,PF,French Polynesia,Oceania,306.279,304.032,301.92,346.933,324.86,291.787,283.788,250.927,211.089,163.591,117.891,4167,3471,88.2394,0.74%,0.00%
146,GA,Gabon,Africa,2388.992,2341.179,2292.573,3757.053,2774.523,2028.517,1711.105,1272.935,983.028,749.078,597.192,267668,257670,9.2715,2.04%,0.03%
142,GM,Gambia,Africa,2705.992,2639.916,2573.995,4673.743,3263.651,2253.133,1937.275,1437.539,1040.616,718.586,528.731,10689,10120,267.3905,2.50%,0.03%
131,GE,Georgia,Asia,3744.385,3757.98,3765.912,3384.66,3657.494,3771.132,3836.831,4265.172,5391.636,5145.843,4800.426,69700,69490,53.8838,-0.36%,0.05%
19,DE,Germany,Europe,83369.843,83408.554,83328.988,78932.228,82762.675,82073.226,81325.09,81551.677,79370.196,77786.703,78294.583,357114,349390,238.6154,-0.05%,1.05%
47,GH,Ghana,Africa,33475.87,32833.031,32180.401,52231.785,38775.85,28870.939,25574.719,19665.502,15446.982,11865.246,8861.895,238533,227533,147.1253,1.96%,0.42%
219,GI,Gibraltar,Europe,32.649,32.669,32.709,31.356,32.771,32.52,31.262,27.741,27.317,28.734,26.685,6,6.8,4801.3235,-0.06%,0.00%
90,GR,Greece,Europe,10384.971,10445.365,10512.232,9144.951,10059.703,10806.641,11033.783,11038.109,10302.255,9307.148,8544.873,131990,128900,80.5661,-0.58%,0.13%
208,GL,Greenland,North America,56.466,56.243,56.026,53.997,57.152,55.895,56.351,56.184,55.599,50.106,45.434,2166086,410450,0.1376,0.40%,0.00%
193,GD,Grenada,North America,125.438,124.61,123.663,136.253,130.367,118.98,114.039,107.432,99.047,94.838,98.794,344,340,368.9353,0.66%,0.00%
178,GP,Guadeloupe,North America,395.752,396.051,395.642,388.861,399.728,399.089,403.072,424.067,391.951,334.234,318.31,1628,1628,243.0909,-0.08%,0.00%
191,GU,Guam,Oceania,171.774,170.534,169.231,195.673,180.746,167.978,164.905,160.188,138.263,110.286,88.3,549,540,318.1,0.73%,0.00%
68,GT,Guatemala,North America,17843.908,17608.483,17362.718,24600.727,20003.638,16001.107,14543.121,11735.894,9084.78,6987.767,5453.208,108889,107160,166.5165,1.34%,0.22%
207,GG,Guernsey,Europe,63.301,63.065,62.794,66.496,65.141,61.629,60.782,59.114,57.727,52.86,52.656,78,63,1004.7778,0.37%,0.00%
75,GN,Guinea,Africa,13859.341,13531.906,13205.153,23711.7,16622.388,11625.998,10270.728,8336.967,6354.145,4972.609,4222.374,245857,245720,56.403,2.42%,0.17%
149,GW,Guinea-Bissau,Africa,2105.566,2060.721,2015.828,3445.289,2484.863,1788.919,1567.22,1230.849,973.551,831.462,591.663,36125,28120,74.8779,2.18%,0.03%
164,GY,Guyana,South America,808.726,804.567,797.202,878.746,848.033,755.031,747.932,759.051,747.116,778.176,705.261,214969,196850,4.1083,0.52%,0.01%
82,HT,Haiti,North America,11584.996,11447.569,11306.801,15087.52,12700.006,10563.757,9842.88,8360.225,6925.331,5646.676,4680.812,27750,27560,420.3554,1.20%,0.15%
89,HN,Honduras,North America,10432.86,10278.345,10121.763,14258.514,11724.522,9294.505,8450.933,6656.725,5053.234,3777.99,2782.753,112492,111890,93.2421,1.50%,0.13%
104,HK,Hong Kong,Asia,7488.865,7494.578,7500.958,6975.391,7485.887,7399.838,7132.438,6731.195,5838.574,4978.544,3955.072,1104,1050,7132.2524,-0.08%,0.09%
94,HU,Hungary,Europe,9967.308,9709.786,9750.573,8817.396,9642.912,9844.246,9986.825,10202.055,10375.989,10698.679,10315.366,93028,91260,109.2188,2.65%,0.12%
179,IS,Iceland,Europe,372.899,370.335,366.669,408.783,390.338,331.06,318.333,281.462,255.019,228.263,204.468,103000,100830,3.6983,0.69%,0.00%
2,IN,India,Asia,1417173.173,1407563.842,1396387.127,1670490.596,1514994.08,1322866.505,1240613.62,1059633.675,870452.165,696828.385,557501.301,3287590,2973190,476.6507,0.68%,17.77%
4,ID,Indonesia,Asia,275501.339,273753.191,271857.97,317225.213,292150.1,259091.97,244016.173,214072.421,182159.874,148177.096,115228.394,1904569,1877519,146.7369,0.64%,3.45%
17,IR,Iran,Asia,88550.57,87923.432,87290.193,99007.204,92921.017,81790.841,75373.855,65544.383,55793.629,38520.664,28449.705,1648195,1622500,54.5766,0.71%,1.11%
35,IQ,Iraq,Asia,44496.122,43533.592,42556.984,74515.14,52800.825,37757.813,31264.875,24628.858,17658.381,13653.369,9811.347,438317,434128,102.4954,2.21%,0.56%
125,IE,Ireland,Europe,5023.109,4986.526,4946.119,5724.686,5266.881,4665.76,4524.585,3768.95,3485.374,3391.387,2937.637,70273,68890,72.9149,0.73%,0.06%
202,IM,Isle of Man,Europe,84.519,84.263,84.046,86.68,85.798,83.593,83.828,75.562,68.865,64.022,55.298,572,570,148.2789,0.30%,0.00%
98,IL,Israel,Asia,9038.309,8900.059,8757.489,12991.79,10134.951,8007.778,7328.445,6116.958,4803.254,3744.608,2907.307,20770,21640,417.6668,1.55%,0.11%
25,IT,Italy,Europe,59037.474,59240.329,59500.579,52250.484,57544.258,60232.906,59822.45,56966.397,56756.561,56329.482,53324.036,301336,295717,199.6418,-0.34%,0.74%
52,CI,Ivory Coast,Africa,28160.542,27478.249,26811.79,51358.243,34211.272,23596.741,21120.042,16799.67,11910.54,8303.81,5477.086,322463,318000,88.5552,2.48%,0.35%
139,JM,Jamaica,North America,2827.377,2827.695,2820.436,2493.823,2804.356,2794.445,2733.896,2612.205,2392.03,2135.546,1859.091,10991,10830,261.069,-0.01%,0.04%
11,JP,Japan,Asia,123951.692,124612.53,125244.761,103784.357,118514.802,127250.933,128105.431,126803.861,123686.321,117624.196,105416.839,377930,364500,340.0595,-0.53%,1.55%
195,JE,Jersey,Europe,110.778,109.618,108.319,135.441,119.047,100.561,96.151,86.192,82.874,75.124,68.347,116,120,923.15,1.06%,0.00%
83,JO,Jordan,Asia,11285.869,11148.278,10928.721,15005.941,11933.395,9494.246,6931.258,5056.174,3480.587,2216.903,1557.374,89342,88794,127.1017,1.23%,0.14%
66,KZ,Kazakhstan,Asia,19397.998,19196.465,18979.243,25609.978,21128.221,17835.909,16627.837,15236.253,16866.563,14172.71,12265.305,2724900,2699700,7.1852,1.05%,0.24%
27,KE,Kenya,Africa,54027.487,53005.614,51985.78,85211.739,63103.942,46851.488,41517.895,30851.606,23162.269,16187.124,11473.087,580367,569140,94.9283,1.93%,0.68%
192,KI,Kiribati,Oceania,131.232,128.874,126.463,188.57,148.72,116.707,107.995,88.826,75.124,60.813,57.437,811,810,162.0148,1.83%,0.00%
129,KW,Kuwait,Asia,4268.873,4250.114,4360.444,5155.414,4564.57,3908.743,2943.356,1934.901,1674.938,1493.87,802.786,17818,17820,239.5552,0.44%,0.05%
110,KG,Kyrgyzstan,Asia,6630.623,6527.743,6424.874,9426.858,7435.378,5914.98,5483.774,4935.182,4394.734,3691.209,3016.384,199951,191800,34.5705,1.58%,0.08%
103,LA,Laos,Asia,7529.475,7425.057,7319.399,9775.552,8321.287,6787.419,6323.418,5430.853,4314.443,3297.519,2675.283,236800,230800,32.6234,1.41%,0.09%
151,LV,Latvia,Europe,1850.651,1873.919,1897.052,1433.728,1701.338,1991.955,2101.53,2392.53,2689.391,2572.037,2397.414,64559,62230,29.7389,-1.24%,0.02%
119,LB,Lebanon,Asia,5489.739,5592.631,5662.923,4937.579,4714.24,6398.94,4995.8,4320.642,3593.7,2963.702,2381.791,10452,10230,536.6314,-1.84%,0.07%
147,LS,Lesotho,Africa,2305.825,2281.454,2254.1,2898.369,2501.946,2118.521,2022.747,1998.63,1798.997,1407.672,1023.481,30355,30360,75.9494,1.07%,0.03%
121,LR,Liberia,Africa,5302.681,5193.416,5087.584,8890.7,6282.074,4612.329,4019.956,2895.224,2209.731,1932.169,1463.563,111369,96320,55.0528,2.10%,0.07%
107,LY,Libya,Africa,6812.341,6735.277,6653.942,8539.976,7394.813,6192.235,6491.988,5154.79,4236.983,2962.72,1909.177,1759540,1759540,3.8717,1.14%,0.09%
216,LI,Liechtenstein,Europe,39.327,39.039,38.756,42.287,41.03,37.355,35.926,33.026,28.765,25.003,21.089,160,160,245.7937,0.74%,0.00%
141,LT,Lithuania,Europe,2750.055,2786.651,2820.267,2187.55,2558.928,2963.765,3139.019,3599.637,3785.847,3521.206,3210.147,65300,62620,43.9166,-1.31%,0.03%
168,LU,Luxembourg,Europe,647.599,639.321,630.399,781.91,697.086,569.408,507.07,435.628,381.267,363.741,339.342,2586,2574.5,251.5436,1.29%,0.01%
167,MO,Macau,Asia,695.168,686.607,676.283,881.666,763.371,615.239,557.297,431.896,350.227,245.332,247.284,30,32.9,21129.7264,1.25%,0.01%
50,MG,Madagascar,Africa,29611.714,28915.653,28225.177,51592.965,35604.443,24850.912,21731.053,16216.431,11882.762,8948.162,6639.751,587041,581800,50.8967,2.41%,0.37%
62,MW,Malawi,Africa,20405.317,19889.742,19377.061,37159.3,24944.243,16938.942,14718.422,11229.387,9539.665,6267.369,4625.141,118484,94280,216.4331,2.59%,0.26%
45,MY,Malaysia,Asia,33938.221,33573.874,33199.993,41032.433,36687.569,31068.833,28717.731,22945.15,17517.054,13215.707,10306.508,330803,328550,103.297,1.09%,0.43%
174,MV,Maldives,Asia,523.787,521.457,514.438,569.909,512.683,435.582,361.575,282.507,224.957,164.887,123.243,300,300,1745.9567,0.45%,0.01%
59,ML,Mali,Africa,22593.59,21904.983,21224.04,47439.802,28712.294,18112.907,15529.181,11239.101,8945.026,7372.581,6153.587,1240192,1220190,18.5165,3.14%,0.28%
173,MT,Malta,Europe,533.286,526.748,515.358,522.737,543.425,456.579,418.755,399.212,365.392,333.587,315.414,316,320,1666.5187,1.24%,0.01%
215,MH,Marshall Islands,Oceania,41.569,42.05,43.413,51.211,44.733,49.41,53.416,54.224,46.047,31.988,23.969,181,180,230.9389,-1.14%,0.00%
180,MQ,Martinique,North America,367.507,368.796,370.391,330.121,362.472,383.515,392.181,432.543,374.271,333.786,326.428,1128,1128,325.8041,-0.35%,0.00%
126,MR,Mauritania,Africa,4736.139,4614.974,4498.604,8914.673,5830.563,3946.22,3419.461,2695.003,2006.027,1506.694,1122.198,1030700,1030700,4.5951,2.63%,0.06%
157,MU,Mauritius,Africa,1299.469,1298.915,1297.828,1226.235,1305.425,1293.153,1283.33,1215.93,1090.29,954.865,830.115,2040,2030,640.1325,0.04%,0.02%
182,YT,Mayotte,Africa,326.101,316.014,305.587,664.141,407.579,249.545,211.786,159.215,92.659,52.233,35.383,374,374,871.9278,3.19%,0.00%
10,MX,Mexico,North America,127504.125,126705.138,125998.302,143772.364,134534.107,120149.897,112532.401,97873.442,81720.428,67705.186,50289.306,1964375,1943950,65.5902,0.63%,1.60%
194,FM,Micronesia,Oceania,114.164,113.131,112.106,135.457,122.704,109.462,107.588,111.709,98.603,76.299,58.989,702,700,163.0914,0.91%,0.00%
135,MD,Moldova,Europe,3272.996,3061.506,3084.847,2997.532,3174.727,3277.388,3678.186,4251.573,4480.199,4103.24,3711.14,33846,32884.6,99.5297,6.91%,0.04%
217,MC,Monaco,Europe,36.469,36.686,36.922,37.664,35.862,36.76,33.178,32.465,30.329,27.076,24.27,2,2,18234.5,-0.59%,0.00%
134,MN,Mongolia,Asia,3398.366,3347.782,3294.335,4518.856,3736.327,2964.749,2702.52,2450.979,2161.433,1697.78,1293.88,1564110,1557506.8,2.1819,1.51%,0.04%
169,ME,Montenegro,Europe,627.082,627.859,629.048,586.385,621.696,633.966,631.044,633.324,621.442,589.324,530.268,13812,13450,46.6232,-0.12%,0.01%
230,MS,Montserrat,North America,4.39,4.417,4.5,3.781,4.301,5.059,4.938,5.138,10.805,11.452,11.402,102,102,43.0392,-0.61%,0.00%
40,MA,Morocco,Africa,37457.971,37076.584,36688.772,45044.99,40226.395,34680.458,32464.865,28554.415,24570.814,19678.444,15274.351,446550,446300,83.93,1.03%,0.47%
48,MZ,Mozambique,Africa,32969.518,32077.072,31178.239,63044.497,40920.707,26843.246,23073.723,17768.505,13303.459,11413.587,8411.676,801590,786380,41.9257,2.78%,0.41%
26,MM,Myanmar,Asia,54179.306,53798.084,53423.198,59929.399,56987.625,51483.949,49390.988,45538.332,40099.553,33465.781,27284.112,676578,652670,83.0118,0.71%,0.68%
145,NA,Namibia,Africa,2567.012,2530.151,2489.098,3779.918,2910.056,2282.704,2099.271,1819.141,1369.011,975.994,754.467,825615,823290,3.118,1.46%,0.03%
225,NR,Nauru,Oceania,12.668,12.511,12.315,14.695,13.358,11.185,10.241,10.377,9.598,7.635,6.663,21,20,633.4,1.25%,0.00%
49,NP,Nepal,Asia,30547.58,30034.989,29348.627,37401.365,33133.395,27610.325,27161.567,24559.5,19616.53,15600.442,12501.285,147181,143350,213.0979,1.71%,0.38%
71,NL,Netherlands,Europe,17564.014,17501.696,17434.557,17897.025,17943.803,17041.107,16617.117,15899.135,14944.548,14130.387,13037.686,41850,33670,521.6517,0.36%,0.22%
185,NC,New Caledonia,Oceania,289.95,287.8,286.403,353.191,312.529,283.032,261.426,221.537,177.264,148.599,110.982,18575,18280,15.8616,0.75%,0.00%
123,NZ,New Zealand,Oceania,5185.288,5129.727,5061.133,5949.002,5495.67,4590.59,4346.338,3855.266,3397.389,3147.168,2824.061,270467,263310,19.6927,1.08%,0.07%
106,NI,Nicaragua,North America,6948.392,6850.54,6755.895,9094.641,7688.686,6298.598,5855.734,5123.222,4227.82,3303.309,2444.767,130373,120340,57.7397,1.43%,0.09%
54,NE,Niger,Africa,26207.977,25252.722,24333.639,67043.296,35217.942,20128.124,16647.543,11622.665,8370.648,6173.177,4669.708,1267000,1266700,20.69,3.78%,0.33%
6,NG,Nigeria,Africa,218541.212,213401.323,208327.405,377459.883,262580.426,183995.785,160952.853,122851.984,95214.257,72951.439,55569.264,923768,910770,239.9521,2.41%,2.74%
232,NU,Niue,Oceania,1.934,1.937,1.942,2.096,1.948,1.847,1.812,2.074,2.533,3.637,5.185,260,261,7.41,-0.15%,0.00%
56,KP,North Korea,Asia,26069.416,25971.909,25867.467,25807.197,26569.401,25258.015,24686.435,23367.059,20799.523,17973.65,14996.879,120538,120410,216.5054,0.38%,0.33%
150,MK,North Macedonia,Europe,2093.599,2103.33,2111.072,1909.309,2072.256,2107.962,2093.828,2037.936,2044.174,1907.023,1656.783,25713,25220,83.0134,-0.46%,0.03%
210,MP,Northern Mariana Islands,Oceania,49.551,49.481,49.587,50.05,51.178,51.514,54.087,80.338,48.002,17.613,10.143,464,460,107.7196,0.14%,0.00%
120,NO,Norway,Europe,5434.319,5403.021,5379.839,6367.559,5748.397,5190.356,4889.741,4491.202,4241.636,4085.776,3875.546,323802,364285,14.9178,0.58%,0.07%
127,OM,Oman,Asia,4576.298,4520.471,4543.399,6328.978,5093.376,4191.776,2881.914,2344.253,1804.524,1017.462,670.693,309500,309500,14.7861,1.23%,0.06%
5,PK,Pakistan,Asia,235824.862,231402.117,227196.741,367808.468,274029.836,210969.298,194454.498,154369.924,115414.069,80624.057,59290.872,881912,770880,305.9164,1.91%,2.96%
222,PW,Palau,Oceania,18.055,18.024,17.972,16.689,17.919,17.794,18.54,19.726,15.293,12.252,11.366,459,460,39.25,0.17%,0.00%
122,PS,Palestine,Asia,5250.072,5133.392,5019.401,8861.747,6256.949,4484.614,3992.278,3139.954,2124.609,1453.62,1118.241,6220,6020,872.105,2.27%,0.07%
128,PA,Panama,North America,4408.581,4351.267,4294.396,5736.121,4864.126,3957.099,3623.617,3001.731,2449.968,1956.987,1516.188,75417,74180,59.4309,1.32%,0.06%
93,PG,Papua New Guinea,Oceania,10142.619,9949.437,9749.64,14910.369,11615.322,8682.174,7583.269,5508.297,3864.972,3104.788,2489.059,462840,452860,22.3968,1.94%,0.13%
109,PY,Paraguay,South America,6780.744,6703.799,6618.695,8591.486,7425.448,6177.95,5768.613,5123.819,4059.195,3078.912,2408.787,406752,397300,17.0671,1.15%,0.09%
44,PE,Peru,South America,34049.588,33715.471,33304.756,42022.554,36702.393,30711.863,29229.572,26654.439,22109.099,17492.406,13562.371,1285216,1280000,26.6012,0.99%,0.43%
13,PH,Philippines,Asia,115559.009,113880.328,112190.977,157891.622,129453.321,103031.365,94636.7,77958.223,61558.898,48419.546,37435.586,342353,298170,387.5608,1.47%,1.45%
37,PL,Poland,Europe,39857.145,38307.726,38428.366,34932.339,38700.518,38553.146,38597.353,38504.431,38064.255,35521.429,32482.943,312679,306130,130.1968,4.04%,0.50%
92,PT,Portugal,Europe,10270.865,10290.103,10298.192,9261.305,10062.183,10365.435,10588.401,10300.626,10007.346,9785.252,8683.631,92090,91605.6,112.1205,-0.19%,0.13%
136,PR,Puerto Rico,North America,3252.407,3256.028,3271.564,2727.624,3259.722,3497.335,3717.922,3827.108,3543.776,3214.568,2737.619,8870,8870,366.675,-0.11%,0.04%
143,QA,Qatar,Asia,2695.122,2688.235,2760.385,3358.454,2855.291,2414.573,1713.504,645.937,441.675,277.45,118.007,11586,11490,234.5624,0.26%,0.03%
114,CG,Republic of the Congo,Africa,5970.424,5835.806,5702.174,10378.912,7114.987,5064.386,4437.884,3134.03,2385.435,1829.256,1396.989,342000,341500,17.4829,2.31%,0.07%
161,RE,Reunion,Africa,974.052,966.129,957.822,1127.252,1031.822,922.495,890.13,785.424,658.992,551.674,473.925,2511,2512,387.7596,0.82%,0.01%
64,RO,Romania,Europe,19659.267,19328.56,19442.038,17457.213,19023.383,19906.079,20335.211,21919.876,22836.234,22125.224,19922.618,238391,230080,85.4454,1.71%,0.25%
9,RU,Russia,Europe,144713.314,145102.755,145617.329,133133.035,141432.741,144668.389,143242.599,146844.839,148005.704,138257.42,130093.01,17098242,16376870,8.8364,-0.27%,1.81%
76,RW,Rwanda,Africa,13776.698,13461.888,13146.362,23030.046,16375.704,11642.959,10309.031,8109.989,7319.962,5247.532,3896.367,26338,24670,558.4393,2.34%,0.17%
228,BL,Saint Barthelemy,North America,10.967,10.861,10.681,10.21,11.113,9.643,8.988,7.082,5.168,2.983,2.417,21,25,438.68,0.98%,0.00%
211,KN,Saint Kitts and Nevis,North America,47.657,47.606,47.642,46.882,48.247,47.79,47.403,45.461,40.636,43.097,44.968,261,260,183.2962,0.11%,0.00%
190,LC,Saint Lucia,North America,179.857,179.651,179.237,177.856,183.274,175.623,170.935,159.5,142.301,121.633,103.09,616,610,294.8475,0.11%,0.00%
220,MF,Saint Martin,North America,31.791,31.948,32.553,35.453,33.508,35.02,36.458,29.61,28.127,7.776,5.802,53,50,635.82,-0.49%,0.00%
229,PM,Saint Pierre and Miquelon,North America,5.862,5.883,5.906,5.165,5.651,5.978,6.052,6.274,6.324,6.106,5.537,242,242,24.2231,-0.36%,0.00%
199,VC,Saint Vincent and the Grenadines,North America,103.948,104.332,104.632,101.691,104.322,106.482,109.308,113.813,112.487,107.48,98.459,389,390,266.5333,-0.37%,0.00%
188,WS,Samoa,Oceania,222.382,218.764,214.929,320.016,248.627,203.571,194.672,184.008,168.186,164.905,142.771,2842,2780,79.9935,1.65%,0.00%
218,SM,San Marino,Europe,33.66,33.745,34.007,32.044,33.458,33.57,31.608,26.823,23.132,21.346,18.169,61,60,561,-0.25%,0.00%
187,ST,Sao Tome and Principe,Africa,227.38,223.107,218.641,366.663,265.036,201.124,182.138,143.714,120.343,97.21,77.583,964,960,236.8542,1.92%,0.00%
41,SA,Saudi Arabia,Asia,36408.82,35950.396,35997.107,48374.543,40461.368,32749.848,29411.929,21547.39,16004.763,10171.71,6106.191,2149690,2149690,16.9368,1.28%,0.46%
72,SN,Senegal,Africa,17316.449,16876.72,16436.12,32562.869,21125.872,14356.181,12530.121,9704.287,7536.001,5703.869,4367.744,196722,192530,89.9416,2.61%,0.22%
105,RS,Serbia,Europe,7221.365,7296.769,7358.005,5777.806,6832.604,7519.496,7653.748,7935.022,7987.529,7777.01,7193.533,88361,87460,82.5676,-1.03%,0.09%
196,SC,Seychelles,Africa,107.118,106.471,105.53,116.644,111.317,99.24,92.409,80.06,71.057,65.29,54.379,452,460,232.8652,0.61%,0.00%
102,SL,Sierra Leone,Africa,8605.718,8420.641,8233.97,13595.023,10105.188,7314.773,6436.698,4584.067,4325.388,3367.477,2778.557,71740,72180,119.2258,2.20%,0.11%
113,SG,Singapore,Asia,5975.689,5941.06,5909.869,6337.235,6251.988,5650.018,5163.59,4053.602,3022.209,2400.729,2061.831,710,718,8322.6866,0.58%,0.07%
214,SX,Sint Maarten,North America,44.175,44.042,43.621,38.947,44.946,40.205,33.034,30.489,27.845,12.243,6.26,34,34,1299.2647,0.30%,0.00%
116,SK,Slovakia,Europe,5643.453,5447.622,5456.681,5186.967,5555.114,5424.444,5396.424,5376.69,5261.305,4973.883,4522.867,49037,49035,115.0903,3.59%,0.07%
148,SI,Slovenia,Europe,2119.844,2119.41,2117.641,2003.258,2105.945,2080.862,2057.287,1984.339,1986.024,1901.57,1741.286,20273,20136.4,105.2742,0.02%,0.03%
166,SB,Solomon Islands,Oceania,724.273,707.851,691.191,1225.407,856.264,612.66,540.394,429.978,324.171,233.668,172.833,28896,27990,25.8761,2.32%,0.01%
70,SO,Somalia,Africa,17597.511,17065.581,16537.016,36462.83,22316.857,13763.906,12026.649,8721.465,6999.096,5892.224,3720.977,637657,627340,28.051,3.12%,0.22%
24,ZA,South Africa,Africa,59893.885,59392.255,58801.927,73529.753,64659.278,55876.504,51784.921,46813.266,39877.57,29463.549,22368.306,1221037,1213090,49.373,0.84%,0.75%
29,KR,South Korea,Asia,51815.81,51830.139,51844.69,45770.874,51290.214,50994.401,48813.042,46788.591,44120.039,38170.501,32601.143,100210,97600,530.8997,-0.03%,0.65%
86,SS,South Sudan,Africa,10913.164,10748.272,10606.227,17460.846,12570.402,11194.299,9714.419,6114.44,4750.817,4192.012,3342.41,619745,631930,17.2696,1.53%,0.14%
30,ES,Spain,Europe,47558.63,47486.935,47363.807,44219.565,47076.573,46431.342,46572.772,40741.651,38889.889,37491.666,33792.617,505992,499556.6,95.2017,0.15%,0.60%
61,LK,Sri Lanka,Asia,21832.143,21773.441,21715.079,21814.985,22186.97,21336.697,20668.557,18776.371,17204.094,14943.645,12388.769,65610,61860,352.9283,0.27%,0.27%
32,SD,Sudan,Africa,46874.204,45657.202,44440.486,84494.269,56997.099,38171.178,33739.933,26298.773,21090.886,16673.586,11305.206,1886068,1868000,25.0933,2.67%,0.59%
170,SR,Suriname,South America,618.04,612.985,607.065,725.519,659.508,575.475,546.08,478.998,412.756,375.112,379.918,163820,156000,3.9618,0.82%,0.01%
87,SE,Sweden,Europe,10549.347,10467.097,10368.969,11902.033,11007.228,9849.349,9381.729,8871.043,8548.406,8311.763,8027.702,450295,407283.5,25.9017,0.79%,0.13%
101,CH,Switzerland,Europe,8740.472,8691.406,8638.613,9753.753,9143.698,8281.732,7822.435,7182.059,6711.693,6319.113,6181.227,41284,39516,221.1882,0.56%,0.11%
60,SY,Syria,Asia,22125.249,21324.367,20772.595,38306.374,29824.735,19205.178,22337.563,16307.654,12408.996,8898.954,6319.199,185180,183630,120.4882,3.76%,0.28%
57,TW,Taiwan,Asia,23893.394,23859.912,23821.464,22445.526,24027.999,23512.136,23083.083,22194.731,20586.174,18100.281,14957.87,36193,36197,660.0932,0.14%,0.30%
95,TJ,Tajikistan,Asia,9952.787,9750.064,9543.207,15200.989,11421.43,8524.063,7621.779,6272.998,5417.86,4045.965,2993.019,143100,138790,71.7111,2.08%,0.12%
22,TZ,Tanzania,Africa,65497.748,63588.334,61704.518,129931.52,81885.304,52542.823,45110.527,34463.704,26206.012,19297.659,13618.192,945087,885800,73.9419,3.00%,0.82%
20,TH,Thailand,Asia,71697.03,71601.103,71475.664,67880.083,72060.018,70294.397,68270.489,63066.603,55228.41,45737.753,35791.728,513120,510890,140.3375,0.13%,0.90%
155,TL,Timor-Leste,Asia,1341.296,1320.942,1299.995,1806.869,1495.081,1205.813,1088.486,878.36,758.106,642.224,554.021,14874,14870,90.2015,1.54%,0.02%
100,TG,Togo,Africa,8848.699,8644.829,8442.58,15478.883,10558.178,7473.229,6571.855,5008.035,3875.947,2838.11,2197.383,56785,54390,162.6898,2.36%,0.11%
233,TK,Tokelau,Oceania,1.871,1.849,1.827,2.43,2.046,1.454,1.367,1.666,1.669,1.647,1.714,12,10,187.1,1.19%,0.00%
197,TO,Tonga,Oceania,106.858,106.017,105.254,131.225,114.124,106.122,107.383,102.603,98.727,96.708,86.484,747,720,148.4139,0.79%,0.00%
153,TT,Trinidad and Tobago,North America,1531.044,1525.663,1518.147,1485.139,1547.69,1460.177,1410.296,1332.203,1266.518,1127.852,988.89,5130,5130,298.4491,0.35%,0.02%
79,TN,Tunisia,Africa,12356.117,12262.946,12161.723,14315.779,13100.768,11557.779,10895.063,9893.316,8440.023,6578.156,5047.404,163610,155360,79.5322,0.76%,0.15%
18,TR,Turkey,Asia,85341.241,84775.404,84135.428,95829.258,88879.698,79646.178,73195.345,64113.547,54324.142,44089.069,35540.99,783562,783562,108.9145,0.67%,1.07%
111,TM,Turkmenistan,Asia,6430.77,6341.855,6250.438,8263.833,7034.758,5766.431,5267.97,4569.132,3720.278,2862.903,2201.432,488100,469930,13.6845,1.40%,0.08%
212,TC,Turks and Caicos Islands,North America,45.703,45.114,44.276,52.865,48.538,36.538,29.726,18.744,11.709,7.598,5.665,948,948,48.2099,1.31%,0.00%
227,TV,Tuvalu,Oceania,11.312,11.204,11.069,13.211,11.917,10.877,10.55,9.638,9.182,7.731,5.814,26,30,377.0667,0.96%,0.00%
31,UG,Uganda,Africa,47249.585,45853.778,44404.611,87622.081,58380.262,37477.356,32341.728,24020.697,17586.63,13284.026,10317.212,241550,200520,235.6353,3.04%,0.59%
38,UA,Ukraine,Europe,39701.739,43531.422,43909.666,32867.719,38295.429,44982.564,45683.02,48879.755,51589.817,49973.92,47279.086,603500,579400,68.5222,-8.80%,0.50%
97,AE,United Arab Emirates,Asia,9441.129,9365.145,9287.289,11449.471,10004.319,8916.899,8481.771,3275.333,1900.151,1014.048,298.084,83600,71020,132.9362,0.81%,0.12%
21,GB,United Kingdom,Europe,67508.936,67281.039,67059.474,71684.966,69175.77,65224.364,62760.039,58850.043,57210.442,56326.328,55650.166,242900,241930,279.0433,0.34%,0.85%
3,US,United States,North America,338289.857,336997.624,335942.003,375391.963,352162.301,324607.776,311182.845,282398.554,248083.732,223140.018,200328.34,9372610,9147420,36.982,0.38%,4.24%
200,VI,United States Virgin Islands,North America,99.465,100.091,100.442,77.519,93.419,102.803,106.142,108.185,100.685,96.64,63.446,347,347,286.6427,-0.63%,0.00%
133,UY,Uruguay,South America,3422.794,3426.26,3429.086,3337.143,3423.372,3402.818,3352.651,3292.224,3117.012,2953.75,2790.265,181034,175020,19.5566,-0.10%,0.04%
43,UZ,Uzbekistan,Asia,34627.652,34081.449,33526.656,45593.149,38313.228,30949.417,28614.227,24925.554,20579.1,15947.129,12011.361,447400,440650,78.5831,1.60%,0.43%
181,VU,Vanuatu,Oceania,326.74,319.137,311.685,578.567,391.135,276.438,245.453,192.074,150.882,118.156,87.019,12189,12190,26.8039,2.38%,0.00%
234,VA,Vatican City,Europe,0.51,0.511,0.52,0.731,0.561,0.564,0.596,0.651,0.7,0.733,0.752,1,0.44,1159.0909,-0.20%,0.00%
51,VE,Venezuela,South America,28301.696,28199.867,28490.453,35937.404,32027.461,30529.716,28715.022,24427.729,19750.579,15210.443,11355.475,916445,882050,32.0863,0.36%,0.35%
16,VN,Vietnam,Asia,98186.856,97468.029,96648.685,107012.939,102699.905,92191.398,87411.012,79001.142,66912.613,52968.27,41928.849,331212,313429,313.2667,0.74%,1.23%
226,WF,Wallis and Futuna,Oceania,11.572,11.627,11.655,11.349,11.229,12.182,13.142,14.723,13.454,11.315,9.377,142,274,42.2336,-0.47%,0.00%
172,EH,Western Sahara,Africa,575.986,565.581,556.048,851.067,662.726,491.824,413.296,270.375,178.529,116.775,76.371,266000,266000,2.1654,1.84%,0.01%
46,YE,Yemen,Asia,33696.614,32981.641,32284.046,55296.331,39923.245,28516.545,24743.946,18628.7,13375.121,9204.938,6843.607,527968,527970,63.823,2.17%,0.42%
63,ZM,Zambia,Africa,20017.675,19473.125,18927.715,37460.435,24676.417,16248.23,13792.086,9891.136,7686.401,5720.438,4281.671,752612,743390,26.9276,2.80%,0.25%
74,ZW,Zimbabwe,Africa,16320.537,15993.524,15669.666,26438.589,19179.393,14154.937,12839.771,11834.676,10113.893,7049.926,5202.918,390757,386850,42.1883,2.04%,0.20%
,,,,7973413.043,7907601.027,7839250.609,9707789.237,8544417.648,7424809.761,6983785,6147055.703,5314191.666,4442400.374,3694136.662,136059156,,105008.9847,,99.93%
